Chromosome,Position,Ref,Alt,Cell
1,2060631,G,C,364-3
1,2830184,C,T,364-10
1,8358261,A,T,364-2
1,8489115,G,A,364-3
1,11136503,G,T,364-7
1,17714953,T,A,364-5
1,18781110,A,G,364-7
1,19793871,G,C,364-8
1,20962435,G,A,364-8
1,21051529,T,C,364-4
1,21631212,A,G,364-1
1,22706303,G,A,364-12
1,24893736,A,G,364-4
1,25233553,T,C,364-4
1,28122602,G,C,364-5
1,28717802,C,T,364-6
1,28969565,G,A,364-1
1,37025024,G,T,364-7
1,37028225,T,C,364-10
1,44494538,T,C,364-7
1,47813332,C,G,364-4
1,48163066,G,T,364-9
1,52037782,A,T,364-4
1,54055129,C,A,364-12
1,55096835,G,C,364-8
1,58145602,T,C,364-7
1,59474854,A,G,364-3
1,60863980,C,G,364-4
1,61292447,G,T,364-9
1,62508848,G,T,364-2
1,65389670,T,C,364-9
1,67205371,T,C,364-6
1,69338088,T,G,364-10
1,69723575,A,G,364-2
1,70555506,A,G,364-5
1,71149362,A,G,364-3
1,76559706,A,G,364-8
1,78000627,T,C,364-12
1,81400282,A,G,364-8
1,83548806,G,A,364-6
1,85190787,C,T,364-7
1,85460492,T,C,364-6
1,85710171,G,A,364-9
1,95296545,G,A,364-8
1,96045767,A,G,364-7
1,98512108,T,C,364-1
1,98703545,T,C,364-6
1,99902007,A,C,364-8
1,100656707,G,A,364-2
1,101460372,C,G,364-8
1,104118885,G,C,364-5
1,105061325,G,A,364-12
1,105605676,A,C,364-1
1,105750345,T,A,364-9
1,107171431,A,T,364-1
1,107484226,C,A,364-5
1,110698661,G,T,364-12
1,111898935,G,T,364-10
1,111992108,A,T,364-9
1,112542796,C,A,364-1
1,113313753,C,T,364-9
1,114696986,G,A,364-9
1,117686851,T,C,364-1
1,119741921,C,T,364-2
1,120509416,T,C,364-4
1,153168934,T,C,364-10
1,153314184,G,A,364-3
1,158065111,G,A,364-4
1,158628071,T,C,364-6
1,160027486,A,T,364-9
1,160885969,C,A,364-8
1,163449912,T,A,364-7
1,164736564,A,T,364-2
1,165160723,A,T,364-10
1,165423633,C,T,364-4
1,166994991,A,C,364-4
1,170967120,A,T,364-6
1,171460031,T,C,364-12
1,175101680,C,G,364-6
1,177366510,A,T,364-12
1,179314226,T,C,364-1
1,188368932,A,G,364-4
1,188834863,C,T,364-5
1,189343884,C,G,364-7
1,192872325,T,G,364-10
1,194540608,A,G,364-5
1,195043765,A,G,364-6
1,197951796,T,A,364-4
1,198328803,A,T,364-7
1,199250004,A,T,364-5
1,199315321,A,G,364-6
1,200468170,G,T,364-2
1,201107857,A,C,364-9
1,202951995,C,T,364-9
1,202976030,C,G,364-4
1,206646206,G,A,364-6
1,207036767,A,G,364-5
1,207361145,A,G,364-3
1,207455132,T,C,364-1
1,209107758,T,C,364-3
1,211314865,A,G,364-10
1,211941632,A,C,364-1
1,213773679,A,G,364-2
1,213924423,T,C,364-4
1,214665866,G,A,364-9
1,215901416,C,T,364-7
1,221030737,T,C,364-3
1,221236028,C,A,364-8
1,221724617,A,C,364-3
1,222426149,G,T,364-7
1,223352659,C,A,364-4
1,227167604,A,G,364-3
1,228059980,G,A,364-4
1,228436000,A,G,364-5
1,229928886,C,T,364-1
1,231910027,G,A,364-8
1,232379898,A,G,364-10
1,233046122,G,A,364-7
1,234088626,C,T,364-7
1,234719625,G,C,364-6
1,236419691,C,T,364-7
1,237414401,T,G,364-7
1,238682075,T,C,364-5
1,242953490,A,G,364-10
1,248892040,T,C,364-4
2,1204381,G,T,364-1
2,3068321,A,C,364-8
2,3351632,A,T,364-5
2,4095655,G,A,364-2
2,4212382,A,G,364-1
2,4436150,G,A,364-7
2,8770029,C,G,364-2
2,9016382,A,G,364-5
2,9040324,T,C,364-12
2,13620452,G,T,364-8
2,17033199,A,T,364-3
2,17352859,T,C,364-4
2,17626100,A,T,364-7
2,21520061,A,G,364-7
2,21616575,C,A,364-9
2,23082265,T,C,364-12
2,28737049,A,G,364-1
2,31181560,G,A,364-12
2,34192223,C,T,364-5
2,34231926,C,T,364-6
2,34380230,G,T,364-2
2,36999817,C,T,364-7
2,38830898,C,T,364-7
2,40136672,A,G,364-10
2,42431551,A,G,364-9
2,45277302,A,G,364-10
2,46413777,A,C,364-3
2,46522422,T,A,364-6
2,51134644,A,G,364-3
2,54182347,T,C,364-8
2,56288517,T,A,364-4
2,59666154,G,T,364-7
2,60725673,C,G,364-6
2,62962876,T,C,364-3
2,63099756,T,C,364-3
2,66540017,G,A,364-6
2,67352633,G,A,364-5
2,69543071,C,G,364-3
2,71199179,T,C,364-3
2,76331926,A,G,364-4
2,76459172,A,G,364-2
2,78270938,G,A,364-4
2,80897169,T,A,364-2
2,81406763,T,C,364-7
2,83600090,A,C,364-9
2,85226658,A,G,364-2
2,89167085,T,G,364-2
2,96576423,G,A,364-4
2,97072916,G,A,364-7
2,98366160,A,G,364-10
2,99356442,C,A,364-8
2,102644331,A,T,364-2
2,102796721,A,C,364-6
2,103027179,T,A,364-6
2,106572260,C,T,364-5
2,107194447,C,T,364-5
2,107748815,C,G,364-2
2,109964086,G,A,364-4
2,112835599,T,C,364-8
2,113517448,A,G,364-10
2,117673550,T,C,364-9
2,118584936,T,C,364-7
2,119570377,C,T,364-7
2,119935711,T,C,364-9
2,120292212,T,A,364-6
2,120792456,C,G,364-8
2,121240409,G,C,364-7
2,129132411,C,T,364-9
2,132189381,G,A,364-12
2,135154287,A,G,364-2
2,135347422,C,T,364-1
2,138322188,C,A,364-12
2,139428815,C,G,364-8
2,142798065,G,A,364-2
2,142832476,C,A,364-8
2,143251917,T,G,364-5
2,143970555,T,C,364-2
2,144648052,G,A,364-3
2,148186980,G,A,364-8
2,152044168,A,G,364-7
2,155899716,T,C,364-12
2,156935763,A,C,364-2
2,161593762,C,T,364-4
2,162902690,G,T,364-2
2,164003942,A,G,364-3
2,165455679,G,A,364-8
2,165891160,A,G,364-9
2,169472541,A,G,364-10
2,172686156,C,T,364-9
2,174425221,A,T,364-4
2,174449789,T,A,364-6
2,174711841,A,G,364-10
2,175425283,C,A,364-10
2,179675461,T,C,364-4
2,179959215,T,C,364-10
2,180344854,T,A,364-8
2,181757979,T,C,364-4
2,183854519,G,C,364-9
2,184469728,G,A,364-3
2,187807245,A,G,364-5
2,188069585,G,C,364-2
2,190402503,A,T,364-4
2,190512028,T,C,364-7
2,191783942,T,G,364-12
2,192331141,T,G,364-12
2,195540095,C,A,364-2
2,195807326,T,C,364-4
2,195808731,G,T,364-2
2,197592188,G,C,364-10
2,199182306,C,A,364-4
2,203739094,T,G,364-6
2,204378771,G,A,364-3
2,204659797,T,C,364-3
2,204963614,G,A,364-8
2,205799990,C,T,364-3
2,206124341,G,T,364-12
2,207458093,C,T,364-4
2,211506059,A,G,364-8
2,212070213,T,G,364-2
2,212591658,C,A,364-4
2,217858983,A,G,364-6
2,219618812,T,G,364-2
2,220149058,C,T,364-1
2,220504857,T,A,364-8
2,220540614,C,A,364-10
2,223237690,C,A,364-10
2,225221058,A,G,364-8
2,225710297,G,A,364-8
2,227656068,A,G,364-7
2,228353351,A,G,364-9
2,230385942,G,T,364-6
2,234059153,A,T,364-9
2,234185462,A,G,364-1
2,234709625,T,A,364-7
2,235320928,G,A,364-10
2,235778610,G,A,364-7
2,237519698,G,A,364-7
2,237626270,A,G,364-2
2,238365723,G,A,364-8
2,240510432,A,G,364-6
2,240840637,A,T,364-2
2,241199571,C,T,364-12
2,241505077,C,T,364-6
2,241990412,G,A,364-2
3,2786724,A,G,364-8
3,4824556,G,C,364-4
3,5400404,A,G,364-12
3,7418078,C,G,364-1
3,10441719,A,G,364-9
3,10604210,A,T,364-9
3,10627831,T,C,364-6
3,10885818,A,G,364-3
3,14323987,A,G,364-8
3,16460483,T,G,364-2
3,17880075,G,A,364-7
3,18937408,T,A,364-6
3,20349501,G,A,364-4
3,24497538,G,A,364-3
3,25636913,T,C,364-3
3,26076334,T,C,364-8
3,26103586,T,C,364-6
3,28092957,G,A,364-10
3,30745183,C,A,364-8
3,31424959,T,C,364-9
3,36110878,T,C,364-1
3,36779704,C,T,364-3
3,38267263,A,T,364-7
3,38506553,T,G,364-10
3,39831562,G,A,364-2
3,43304538,A,G,364-1
3,44565262,C,T,364-2
3,45141691,G,A,364-5
3,46092030,T,G,364-9
3,49001667,T,A,364-1
3,49136492,G,A,364-10
3,54918374,A,G,364-10
3,55751271,T,C,364-3
3,55877009,C,G,364-1
3,57695891,A,T,364-1
3,62900713,G,T,364-1
3,65972271,C,T,364-10
3,71166325,A,G,364-1
3,72618058,C,A,364-7
3,74713883,A,G,364-2
3,75347092,C,T,364-9
3,78053401,C,T,364-5
3,81440310,T,C,364-10
3,83531050,A,T,364-9
3,86159024,G,A,364-8
3,87837893,T,C,364-4
3,88739996,G,A,364-6
3,97913321,T,C,364-3
3,99480119,G,A,364-2
3,100401379,G,A,364-8
3,101305726,T,G,364-1
3,102391820,A,G,364-4
3,103000913,G,A,364-1
3,106509590,G,A,364-1
3,112534713,T,C,364-4
3,114516766,C,A,364-1
3,116954252,A,G,364-1
3,117342734,T,G,364-2
3,118057616,T,C,364-12
3,118462705,C,T,364-9
3,119244350,G,A,364-9
3,120171762,A,G,364-7
3,121645262,C,G,364-6
3,121668211,A,G,364-6
3,122257645,T,A,364-7
3,122462242,C,T,364-7
3,123896092,A,G,364-7
3,124073747,G,T,364-8
3,127597459,T,C,364-7
3,131435474,C,G,364-3
3,131568054,C,A,364-4
3,131975401,T,C,364-12
3,132223986,A,C,364-5
3,133821212,A,T,364-2
3,134550095,G,A,364-2
3,134935141,C,T,364-9
3,135082186,C,T,364-5
3,137107908,G,A,364-6
3,141517775,G,T,364-2
3,141980711,T,C,364-9
3,145074975,C,A,364-4
3,145128031,C,A,364-4
3,147108122,G,A,364-12
3,147226161,G,A,364-3
3,147461791,G,T,364-2
3,149009301,C,A,364-5
3,150336069,A,G,364-4
3,160593121,A,G,364-9
3,163418370,T,C,364-6
3,164253943,G,A,364-8
3,168772726,G,T,364-1
3,173739788,G,A,364-10
3,174338887,T,A,364-10
3,175023205,G,A,364-5
3,175817202,T,C,364-1
3,177392017,G,T,364-10
3,178468844,C,G,364-4
3,179709209,A,G,364-4
3,181695731,A,T,364-9
3,182346583,T,C,364-2
3,182353755,C,T,364-8
3,183678119,A,G,364-3
3,185039220,A,G,364-10
3,185716084,C,T,364-2
3,187915019,G,A,364-4
3,191160793,A,G,364-5
3,192937760,G,T,364-3
4,457360,G,A,364-7
4,6782966,G,A,364-1
4,7333440,T,A,364-10
4,9938652,G,A,364-9
4,10729482,T,C,364-3
4,11643285,C,A,364-4
4,12272840,C,T,364-4
4,12939506,C,T,364-2
4,13190402,T,C,364-1
4,14207110,C,T,364-5
4,14910940,C,T,364-6
4,16741922,T,A,364-1
4,20010002,G,T,364-1
4,20761839,C,T,364-7
4,21113198,A,T,364-1
4,23763125,A,G,364-4
4,24360454,C,T,364-4
4,27357470,T,C,364-9
4,28004138,T,A,364-6
4,29457488,G,A,364-5
4,29654275,C,A,364-6
4,29836039,T,C,364-9
4,30233473,A,G,364-10
4,30553196,G,A,364-2
4,31765283,A,G,364-10
4,31777203,T,A,364-9
4,32158344,A,G,364-1
4,34934391,C,T,364-3
4,34983348,T,C,364-1
4,35042366,T,C,364-4
4,37520026,C,T,364-6
4,37600204,T,C,364-1
4,40790600,A,G,364-1
4,41721756,C,T,364-8
4,46695413,C,G,364-5
4,53164024,C,T,364-7
4,53379486,C,T,364-2
4,53869636,T,C,364-1
4,55291888,A,G,364-6
4,58689264,G,C,364-3
4,59417767,A,G,364-10
4,60432993,A,G,364-5
4,67229998,A,G,364-1
4,67323787,A,G,364-12
4,68870304,C,A,364-8
4,71837093,G,A,364-7
4,84512984,A,G,364-4
4,84919858,C,A,364-10
4,85304647,C,G,364-5
4,89610063,A,C,364-6
4,93213162,T,C,364-8
4,93442155,C,T,364-10
4,94132811,G,T,364-3
4,94301417,G,A,364-1
4,105085434,T,C,364-5
4,106756913,C,A,364-2
4,109223954,T,A,364-1
4,110837313,G,C,364-6
4,113631078,A,G,364-1
4,115356205,C,A,364-1
4,117649144,T,C,364-9
4,118393032,T,G,364-5
4,119800944,G,T,364-3
4,120984930,G,A,364-4
4,123332773,A,T,364-6
4,124710199,G,T,364-12
4,127202265,A,G,364-6
4,127476026,A,C,364-3
4,130865479,C,A,364-6
4,131938903,A,G,364-6
4,132108718,G,A,364-1
4,133491041,C,T,364-5
4,134495519,C,T,364-12
4,135245270,A,G,364-9
4,135304870,C,T,364-8
4,137081773,A,T,364-3
4,137922426,G,T,364-8
4,140038804,C,G,364-2
4,141966127,T,C,364-12
4,143401978,C,G,364-9
4,146054473,C,T,364-7
4,150867420,A,G,364-4
4,158650634,G,C,364-10
4,158826787,T,C,364-6
4,159652556,A,T,364-7
4,164509529,T,C,364-12
4,167947378,G,A,364-2
4,169616005,C,T,364-4
4,172085418,C,A,364-5
4,172697286,T,C,364-6
4,174232122,A,G,364-10
4,177746623,G,A,364-9
4,179575618,G,T,364-1
4,180640319,A,G,364-4
4,180734159,T,C,364-8
4,183230655,G,A,364-4
4,183935411,C,T,364-4
4,189245532,A,G,364-10
5,489776,G,A,364-9
5,823494,A,G,364-3
5,3029844,T,A,364-3
5,4509783,G,A,364-4
5,10396968,C,T,364-12
5,11366950,T,C,364-1
5,13948759,C,G,364-9
5,14045057,C,T,364-4
5,14818940,C,T,364-6
5,14975831,C,A,364-9
5,18317901,G,T,364-10
5,18613761,A,G,364-5
5,18785757,G,T,364-1
5,19005675,T,A,364-2
5,20081956,T,C,364-3
5,21381932,G,T,364-8
5,23036815,C,A,364-6
5,24853408,G,A,364-5
5,26617324,A,T,364-8
5,28974222,A,T,364-9
5,31519678,T,C,364-8
5,35337464,G,C,364-10
5,37368697,G,A,364-1
5,38761664,A,T,364-9
5,42250275,A,G,364-7
5,43212410,A,G,364-1
5,43242126,A,G,364-4
5,49570302,T,C,364-8
5,49675918,A,T,364-10
5,51269241,T,C,364-4
5,52152327,C,T,364-10
5,52632578,G,T,364-3
5,59388263,T,C,364-10
5,60795061,C,G,364-8
5,62725743,T,C,364-10
5,63331081,C,T,364-3
5,63890486,C,T,364-5
5,65636518,A,G,364-2
5,65691871,C,T,364-7
5,67204196,A,G,364-2
5,68694175,A,C,364-2
5,73141684,A,C,364-4
5,78645110,A,C,364-6
5,80190280,C,T,364-10
5,87145759,C,G,364-7
5,87878209,A,C,364-9
5,90237258,A,C,364-2
5,90429654,A,G,364-6
5,91837992,T,C,364-1
5,92200605,C,A,364-2
5,92655115,C,T,364-10
5,93730599,G,A,364-2
5,95143764,A,G,364-9
5,102313147,A,G,364-9
5,102526806,G,C,364-2
5,103801395,T,C,364-8
5,104719879,C,A,364-2
5,105880598,G,C,364-6
5,106768144,C,G,364-4
5,106950890,G,C,364-6
5,109164999,A,T,364-7
5,109760774,G,A,364-8
5,111287871,G,C,364-3
5,114405064,T,C,364-10
5,119778499,G,C,364-4
5,120180082,C,T,364-5
5,120487782,G,T,364-12
5,121444836,T,C,364-10
5,124447099,A,G,364-12
5,125734389,T,C,364-1
5,134346361,A,G,364-10
5,135026779,C,A,364-2
5,135175918,C,A,364-7
5,136672914,G,A,364-7
5,137849104,G,A,364-8
5,139158263,A,G,364-8
5,142659259,T,C,364-9
5,144772576,C,A,364-12
5,145513607,A,C,364-4
5,147340876,A,G,364-6
5,152458173,T,G,364-8
5,152851927,T,A,364-3
5,153319765,A,G,364-7
5,154397151,A,G,364-9
5,157932532,A,C,364-6
5,158150629,A,G,364-6
5,159876229,G,A,364-12
5,161518597,T,G,364-8
5,161695074,G,A,364-9
5,161870915,T,A,364-4
5,162940191,A,G,364-1
5,165773135,G,A,364-12
5,166848289,A,G,364-2
5,166932760,T,G,364-4
5,167438876,A,G,364-3
5,167600814,C,T,364-5
5,167727927,A,C,364-6
5,168814896,A,T,364-2
5,169382615,G,A,364-6
5,169980773,A,G,364-10
5,170431846,G,C,364-10
5,170757607,T,C,364-2
5,170881517,G,A,364-10
5,172226494,C,T,364-7
5,173330168,C,T,364-7
5,173594314,G,A,364-1
5,174901448,T,C,364-3
5,175084052,T,C,364-3
5,175316914,C,T,364-9
5,180072276,G,A,364-8
6,3076572,C,G,364-2
6,5906268,T,G,364-6
6,5981324,T,C,364-8
6,7394654,G,C,364-5
6,9156093,C,A,364-5
6,10447725,G,A,364-9
6,16757447,G,A,364-2
6,18851557,C,T,364-8
6,19034504,T,C,364-9
6,28631118,G,A,364-3
6,29648825,G,T,364-5
6,32335249,G,T,364-7
6,33375192,C,A,364-9
6,34490260,G,T,364-1
6,40128808,A,G,364-5
6,41767509,C,T,364-2
6,41832233,G,A,364-6
6,42768197,C,T,364-5
6,45392474,T,C,364-1
6,46951923,T,C,364-2
6,49253004,A,G,364-4
6,51225455,A,G,364-12
6,51257034,A,C,364-5
6,51838743,C,T,364-5
6,52686611,G,T,364-2
6,52797512,C,T,364-1
6,53262611,G,A,364-2
6,64092963,C,T,364-6
6,66058598,C,A,364-7
6,67441021,A,G,364-3
6,67654219,G,T,364-10
6,69089956,T,C,364-2
6,69093325,T,C,364-6
6,71817928,G,A,364-9
6,73461779,G,C,364-5
6,76271813,T,C,364-12
6,76557146,T,G,364-3
6,77650497,C,T,364-12
6,78027755,G,A,364-8
6,81810018,G,T,364-3
6,82806776,A,G,364-9
6,82838845,A,G,364-9
6,84691745,A,G,364-6
6,86017823,T,G,364-6
6,88118383,A,G,364-3
6,88529418,C,T,364-6
6,90207606,C,G,364-5
6,90309056,C,T,364-1
6,93008061,T,A,364-7
6,93147423,G,C,364-3
6,94895717,C,T,364-6
6,98462308,G,A,364-2
6,105901410,A,T,364-4
6,105940403,T,G,364-12
6,107301015,A,C,364-4
6,107642036,T,C,364-4
6,111011905,G,A,364-12
6,112092995,G,A,364-7
6,112418764,C,T,364-6
6,113106466,C,G,364-4
6,114144044,A,G,364-4
6,115776692,T,C,364-3
6,118258693,T,G,364-12
6,118261611,T,G,364-8
6,118270253,T,A,364-12
6,121036780,A,G,364-10
6,124303431,A,G,364-4
6,132700982,C,T,364-3
6,134268016,T,A,364-2
6,136848942,G,A,364-3
6,137182072,A,G,364-10
6,137806858,A,T,364-7
6,139336341,A,C,364-8
6,150591126,G,A,364-1
6,150762247,A,G,364-6
6,151715511,A,G,364-6
6,153147941,A,G,364-9
6,153944366,A,G,364-7
6,153993234,G,C,364-10
6,155613844,T,A,364-10
6,156615711,A,G,364-2
6,160106619,A,C,364-8
6,161693327,A,T,364-1
6,164000617,C,A,364-2
6,166146761,G,C,364-2
6,168422128,C,T,364-9
6,168548785,C,T,364-2
6,169163861,G,T,364-7
6,169912602,T,C,364-2
7,923887,G,A,364-9
7,1283082,T,C,364-7
7,3828118,C,T,364-10
7,4699864,T,C,364-2
7,11042604,T,G,364-6
7,11183380,C,A,364-7
7,16241457,A,C,364-9
7,22746481,G,A,364-6
7,24580879,A,G,364-4
7,25894079,T,C,364-9
7,25981966,A,G,364-4
7,30828527,C,G,364-8
7,39383626,C,A,364-9
7,40939822,C,T,364-2
7,41049195,T,C,364-2
7,41510499,T,A,364-2
7,43904150,C,T,364-5
7,43911208,C,A,364-5
7,44256169,G,A,364-4
7,44685805,C,T,364-6
7,45335611,C,A,364-2
7,46457262,A,G,364-6
7,47222632,A,G,364-12
7,47338273,C,T,364-12
7,47413773,A,G,364-8
7,48736780,C,T,364-2
7,48976388,G,A,364-9
7,49413135,C,T,364-7
7,49697364,A,G,364-4
7,50539793,A,T,364-10
7,50908989,C,A,364-10
7,52345407,G,C,364-2
7,53634336,C,T,364-6
7,62528923,G,T,364-5
7,66326724,T,C,364-4
7,68374013,C,G,364-8
7,69523821,A,G,364-1
7,76389878,C,T,364-6
7,77743936,G,A,364-7
7,77916226,A,G,364-9
7,78095524,T,G,364-2
7,82089076,C,T,364-1
7,83917969,G,A,364-12
7,84303110,A,G,364-1
7,87577389,A,G,364-6
7,87782708,T,G,364-5
7,88783689,T,G,364-10
7,91178515,C,T,364-5
7,92234495,A,G,364-8
7,92257877,C,T,364-4
7,92518706,G,A,364-7
7,92641483,A,G,364-5
7,93389674,A,G,364-3
7,98415426,C,T,364-7
7,104011001,G,A,364-6
7,106408312,G,T,364-1
7,108358989,G,T,364-7
7,109257943,A,T,364-7
7,109770513,C,G,364-1
7,109840317,T,C,364-8
7,115813909,C,T,364-6
7,118692049,T,G,364-12
7,119028798,A,C,364-9
7,120600542,A,C,364-5
7,122382361,A,T,364-6
7,125934818,G,A,364-3
7,126337273,A,G,364-6
7,128635316,T,A,364-4
7,130784113,T,G,364-4
7,131780069,A,T,364-3
7,131975060,T,C,364-12
7,132303231,G,A,364-12
7,132377819,A,T,364-1
7,132390158,A,C,364-2
7,132393291,G,C,364-7
7,132435287,T,C,364-1
7,132647355,T,C,364-2
7,137505807,T,A,364-7
7,139153899,A,G,364-5
7,140586708,T,C,364-8
7,146943699,C,T,364-6
7,147156876,A,G,364-4
7,147278285,A,G,364-6
7,150687181,C,T,364-5
7,153464906,G,T,364-5
7,156024065,G,T,364-8
7,156640974,C,A,364-3
7,158394954,T,C,364-6
8,2084398,T,A,364-1
8,2503902,G,C,364-7
8,4869889,A,G,364-8
8,5478414,G,T,364-7
8,8650229,G,A,364-7
8,12877492,G,A,364-3
8,14015471,A,C,364-4
8,15389876,G,A,364-9
8,15837407,A,G,364-2
8,18867737,C,T,364-7
8,19196931,T,A,364-7
8,19908805,T,C,364-1
8,20003948,A,G,364-8
8,21923578,C,T,364-7
8,25705111,A,G,364-5
8,26451234,T,C,364-12
8,27197193,A,C,364-6
8,28749047,C,G,364-4
8,33065340,T,G,364-5
8,34516941,G,T,364-2
8,34766297,G,C,364-6
8,34963111,G,A,364-12
8,38334429,A,G,364-3
8,40644822,T,C,364-4
8,47538489,C,A,364-7
8,48788970,C,A,364-6
8,56499127,A,G,364-9
8,58302999,A,C,364-3
8,58321158,C,A,364-10
8,59736073,G,A,364-8
8,61178897,G,A,364-2
8,61390661,T,C,364-3
8,62672590,G,T,364-9
8,62938698,A,G,364-7
8,63269797,C,G,364-12
8,63512142,A,G,364-6
8,65282846,G,A,364-1
8,65825231,A,G,364-12
8,65879470,C,A,364-6
8,67427178,A,G,364-9
8,82900506,T,C,364-3
8,84243796,A,G,364-12
8,84502552,T,C,364-8
8,87553660,G,A,364-1
8,93680826,A,G,364-5
8,95869674,T,C,364-2
8,97098604,T,C,364-1
8,102161931,G,A,364-6
8,104145736,G,C,364-2
8,106965723,C,T,364-12
8,107515936,G,C,364-3
8,108344080,A,G,364-7
8,111768973,A,G,364-12
8,115314170,A,G,364-5
8,118247910,G,C,364-12
8,121254474,A,G,364-3
8,122764927,G,A,364-2
8,124259256,G,A,364-6
8,127231445,A,G,364-5
8,127721086,G,A,364-8
8,130294205,A,T,364-7
8,130327195,A,G,364-10
8,134400405,A,C,364-10
8,134529807,G,C,364-7
8,136651768,C,T,364-7
8,136869614,A,G,364-3
8,137587176,A,G,364-3
8,137963719,C,T,364-1
8,138380113,G,A,364-2
8,138725546,C,T,364-12
8,139455088,C,G,364-9
8,141443911,C,T,364-7
9,1263098,T,A,364-5
9,2865586,C,G,364-9
9,4912599,A,G,364-1
9,5920210,T,G,364-6
9,6099323,C,A,364-3
9,8555949,T,C,364-7
9,9208901,G,A,364-8
9,11240869,A,G,364-6
9,13844345,C,T,364-1
9,19438502,C,A,364-5
9,20492706,A,G,364-9
9,20801334,A,T,364-12
9,21567563,C,T,364-7
9,22487546,T,C,364-9
9,23048432,A,G,364-4
9,23357263,T,C,364-4
9,24006765,A,G,364-2
9,26088029,C,A,364-5
9,26674366,T,C,364-10
9,26949986,G,A,364-9
9,27970063,T,A,364-6
9,29884380,A,G,364-1
9,31941758,G,T,364-8
9,35662315,G,T,364-12
9,35688155,T,C,364-10
9,35861885,T,G,364-12
9,37343584,A,G,364-5
9,38041757,T,C,364-6
9,38733941,A,C,364-1
9,71482609,A,G,364-1
9,72644278,C,T,364-3
9,73113327,T,C,364-3
9,75768935,A,G,364-2
9,84003789,A,T,364-9
9,85216080,C,A,364-7
9,87617980,C,T,364-2
9,90254042,C,G,364-5
9,91728567,T,C,364-5
9,93333732,G,T,364-1
9,95762980,C,G,364-12
9,102857061,T,G,364-4
9,108176957,A,G,364-10
9,110216548,A,G,364-5
9,110543170,G,A,364-7
9,111945561,G,T,364-5
9,114935962,T,C,364-10
9,117178539,G,A,364-8
9,118111368,G,A,364-7
9,120355855,G,T,364-4
9,120578068,A,T,364-8
9,122014420,A,C,364-8
9,123356335,G,A,364-3
9,124070198,C,T,364-8
9,126392095,G,A,364-7
9,127462038,T,C,364-3
9,128930186,T,C,364-2
9,129082443,C,G,364-4
9,129893369,T,A,364-1
9,130806266,C,T,364-1
9,131448822,C,G,364-2
9,133227613,A,T,364-8
9,133578930,T,G,364-1
9,135965727,T,C,364-3
9,136212837,T,C,364-10
9,137802917,G,C,364-1
9,137882269,C,G,364-2
9,138882441,T,A,364-10
9,140118741,C,T,364-12
10,150133,G,A,364-3
10,1084212,T,C,364-9
10,1574238,T,C,364-2
10,1653836,G,A,364-2
10,2287039,G,T,364-1
10,2601618,T,C,364-8
10,2660836,A,G,364-12
10,2675308,T,A,364-7
10,3116995,A,G,364-6
10,4540323,T,C,364-3
10,4667044,C,T,364-9
10,5502673,C,G,364-5
10,5674630,T,C,364-6
10,5717148,C,T,364-8
10,6526681,A,G,364-12
10,7322878,T,C,364-9
10,7939327,A,G,364-6
10,9922090,A,G,364-10
10,10607136,G,T,364-9
10,11741559,A,G,364-6
10,14002345,T,C,364-8
10,15544141,C,A,364-7
10,19915337,T,C,364-10
10,21024845,A,G,364-3
10,22518516,G,C,364-4
10,28171587,C,T,364-6
10,29710830,T,C,364-5
10,31877447,G,C,364-8
10,33997084,C,T,364-4
10,35179825,C,G,364-7
10,35946706,T,G,364-10
10,43814607,A,G,364-8
10,50516528,A,G,364-10
10,51548919,T,A,364-8
10,55980127,T,G,364-8
10,58066667,G,A,364-3
10,59109290,T,G,364-3
10,59700532,A,G,364-5
10,60842310,T,C,364-8
10,63047735,A,T,364-1
10,64498477,G,A,364-6
10,68147868,A,C,364-2
10,68354429,T,A,364-7
10,68787529,T,A,364-10
10,70430336,T,A,364-8
10,71662279,C,T,364-4
10,71761475,A,C,364-6
10,72429278,A,G,364-8
10,78621908,T,C,364-6
10,79837506,T,C,364-1
10,84338016,A,C,364-12
10,87794182,G,C,364-3
10,90711985,A,C,364-9
10,91627932,A,C,364-12
10,94456922,T,C,364-4
10,94906719,T,C,364-2
10,95058149,C,T,364-6
10,95327703,T,C,364-3
10,97259224,C,G,364-2
10,105499332,A,C,364-4
10,109455216,T,A,364-1
10,112177049,A,G,364-6
10,112861462,T,G,364-9
10,112895890,T,C,364-12
10,114562429,G,A,364-4
10,115089407,T,C,364-12
10,115403022,G,A,364-7
10,115409118,T,C,364-7
10,118357159,C,A,364-4
10,119464474,G,A,364-9
10,127022635,G,T,364-4
10,127208111,T,C,364-4
10,129574244,C,A,364-7
10,130218925,T,C,364-6
10,131163965,G,A,364-4
10,131513362,A,G,364-8
10,132179365,C,T,364-9
10,134937689,C,G,364-5
11,1064694,G,A,364-3
11,3827987,C,T,364-3
11,3907671,C,T,364-8
11,6834329,T,C,364-3
11,7544596,G,T,364-8
11,7569624,T,C,364-6
11,8635205,T,G,364-1
11,8709456,C,T,364-10
11,9121199,T,C,364-10
11,12589023,C,A,364-6
11,13968602,G,A,364-3
11,17874854,T,C,364-12
11,18308755,T,C,364-12
11,18793180,T,C,364-6
11,22919896,G,A,364-8
11,27213811,C,T,364-3
11,28504821,C,T,364-9
11,28666991,A,C,364-12
11,31553874,A,G,364-5
11,36183740,T,C,364-5
11,38730502,A,C,364-12
11,39983255,G,C,364-6
11,41512338,G,T,364-10
11,41988295,A,G,364-8
11,43028901,T,C,364-9
11,45905004,A,G,364-5
11,46176526,A,G,364-3
11,57093124,C,T,364-12
11,58991150,G,T,364-1
11,59184651,G,A,364-10
11,59204072,C,T,364-6
11,59667066,C,T,364-9
11,61468526,C,T,364-2
11,61632745,A,C,364-7
11,63838786,C,G,364-8
11,63992258,T,C,364-2
11,66551124,A,T,364-9
11,72533990,T,G,364-10
11,72795182,A,G,364-1
11,72975570,C,T,364-3
11,74181786,G,A,364-3
11,75043397,G,A,364-6
11,76778089,C,T,364-8
11,78056820,T,C,364-12
11,80946019,G,A,364-2
11,82554558,G,A,364-9
11,84598347,A,G,364-1
11,87847986,G,C,364-10
11,90779223,G,A,364-5
11,91324439,T,G,364-2
11,91704302,C,T,364-2
11,92983452,T,A,364-4
11,96129500,C,T,364-7
11,97132665,A,G,364-8
11,97138714,C,T,364-3
11,100006398,A,G,364-10
11,100908474,G,T,364-7
11,103240403,C,A,364-9
11,103333307,A,G,364-6
11,107793039,T,C,364-2
11,108271763,G,A,364-1
11,109854066,C,A,364-6
11,110271738,T,C,364-5
11,111554789,A,C,364-8
11,116009354,C,T,364-12
11,124695743,G,C,364-6
11,125238424,C,A,364-12
11,129447230,C,T,364-3
11,130166949,T,C,364-6
11,130937566,G,A,364-1
11,131254939,C,T,364-3
11,132157850,A,G,364-4
11,133066496,G,A,364-3
12,307326,C,T,364-6
12,3048867,G,A,364-8
12,3358607,C,T,364-7
12,5702195,G,A,364-7
12,6340515,T,C,364-3
12,6379054,G,A,364-2
12,6807613,G,C,364-2
12,6861331,G,T,364-3
12,10659427,T,A,364-4
12,11102084,T,C,364-1
12,12116547,T,C,364-6
12,13329973,G,A,364-4
12,13659573,T,A,364-7
12,13683913,T,C,364-10
12,14441901,T,A,364-1
12,16237570,C,T,364-7
12,16754366,A,G,364-7
12,17333623,G,T,364-9
12,18552723,A,G,364-5
12,18999271,G,A,364-9
12,19331089,G,A,364-2
12,20384647,C,T,364-8
12,21306952,C,T,364-5
12,21341927,T,A,364-2
12,21940653,C,T,364-9
12,24018026,T,C,364-10
12,24140375,G,C,364-7
12,26495715,A,C,364-6
12,29303470,T,A,364-1
12,31378935,G,A,364-5
12,31445278,C,T,364-2
12,33374881,G,T,364-2
12,40936751,C,T,364-5
12,42232930,T,G,364-5
12,43546862,G,T,364-10
12,47069278,A,C,364-2
12,50400435,A,C,364-5
12,50480806,A,G,364-4
12,54566770,G,A,364-9
12,56005262,T,A,364-8
12,58530480,T,A,364-8
12,59576038,T,A,364-3
12,59762729,A,G,364-10
12,60131645,A,G,364-4
12,65710631,T,C,364-8
12,69642695,A,T,364-4
12,71033391,A,G,364-10
12,79287456,C,T,364-3
12,84269681,C,T,364-9
12,91193654,T,C,364-7
12,92281518,G,T,364-3
12,93634475,G,T,364-7
12,103349437,G,A,364-8
12,106502179,G,C,364-7
12,108410556,G,A,364-5
12,108515659,G,A,364-1
12,111520516,G,A,364-1
12,112951222,G,C,364-10
12,114915012,C,T,364-12
12,115607082,C,T,364-12
12,115771708,G,A,364-7
12,117408668,A,G,364-7
12,118719308,G,A,364-9
12,120495867,G,T,364-3
12,120936208,A,G,364-3
12,121602099,C,G,364-7
12,124522280,C,A,364-6
12,124939980,C,T,364-2
12,125139353,C,A,364-8
12,128431803,C,G,364-5
12,131120147,G,A,364-3
12,131230854,C,T,364-3
12,131840559,C,A,364-2
12,133694693,G,A,364-5
13,21428035,C,T,364-1
13,23499021,A,G,364-4
13,25259479,T,C,364-5
13,26051690,T,C,364-9
13,26485222,C,T,364-6
13,28024264,G,A,364-7
13,28499824,G,A,364-9
13,29675041,G,A,364-9
13,30956255,G,A,364-5
13,31865981,A,G,364-10
13,35932562,T,C,364-2
13,36432485,C,T,364-12
13,37339455,T,C,364-3
13,39409966,T,G,364-7
13,40068963,A,G,364-1
13,46718326,C,A,364-9
13,46781094,G,T,364-4
13,48532220,T,C,364-12
13,49212147,C,T,364-3
13,51929807,T,C,364-4
13,53558400,C,A,364-3
13,54021427,C,G,364-2
13,58226859,T,G,364-5
13,58794986,T,A,364-1
13,59901589,A,T,364-6
13,60906218,G,A,364-3
13,66478099,G,A,364-1
13,67319362,T,C,364-6
13,72513917,G,T,364-12
13,72757523,T,C,364-10
13,74269383,T,C,364-7
13,74971075,A,G,364-2
13,75128997,C,T,364-12
13,79308976,G,A,364-9
13,80370808,T,C,364-10
13,82382681,A,G,364-8
13,83721224,C,T,364-2
13,85735609,A,T,364-6
13,86524928,G,A,364-6
13,90197317,C,A,364-10
13,91002258,C,A,364-2
13,93400135,C,A,364-3
13,93550201,A,G,364-2
13,95060791,T,C,364-9
13,96117823,A,C,364-6
13,97091634,C,G,364-8
13,97616092,A,G,364-1
13,104543484,T,C,364-4
13,105328533,G,T,364-6
13,107184540,C,T,364-6
13,111805725,A,T,364-4
13,113272077,G,A,364-10
14,20906285,C,A,364-2
14,22216723,A,G,364-3
14,24371219,A,G,364-10
14,24423008,C,T,364-4
14,26201573,A,G,364-9
14,26841686,C,G,364-2
14,30716596,C,T,364-1
14,35763355,A,G,364-10
14,35936563,A,G,364-3
14,38150853,C,T,364-2
14,38889677,G,A,364-2
14,41288435,A,C,364-12
14,46196788,G,A,364-12
14,47074321,C,T,364-4
14,48562596,G,A,364-4
14,49892258,C,A,364-10
14,60124841,C,T,364-9
14,70263456,A,G,364-3
14,73000378,G,A,364-10
14,80600808,G,A,364-7
14,81122125,A,T,364-2
14,81366578,C,T,364-9
14,81932055,G,C,364-7
14,82188988,G,A,364-10
14,82202987,T,G,364-6
14,82876542,C,T,364-4
14,83599630,A,T,364-9
14,87869495,T,C,364-2
14,88755692,G,A,364-4
14,89071774,C,G,364-8
14,89975193,G,C,364-9
14,90780223,T,C,364-3
14,91706501,A,C,364-12
14,92228383,G,A,364-4
14,92464353,G,T,364-8
14,95432559,T,C,364-12
14,96013161,G,A,364-9
14,97552887,G,A,364-4
14,102901648,A,T,364-1
14,103198878,A,G,364-2
14,103776956,C,T,364-4
14,106329680,C,T,364-8
14,106676542,G,A,364-9
15,24175297,T,C,364-5
15,25023547,C,T,364-9
15,37627892,A,C,364-12
15,37663519,C,A,364-9
15,38071231,C,A,364-7
15,41329902,A,T,364-9
15,42717989,A,G,364-6
15,42783798,G,T,364-9
15,47102795,A,T,364-7
15,47140234,C,T,364-1
15,48699698,T,G,364-7
15,49106495,C,T,364-3
15,50109014,G,A,364-5
15,52444241,T,C,364-9
15,53095986,G,T,364-1
15,54497996,A,G,364-1
15,55559517,T,G,364-2
15,59685288,A,C,364-2
15,59741239,A,G,364-6
15,61069001,A,G,364-10
15,63044702,A,G,364-4
15,65781427,T,C,364-6
15,68675817,T,C,364-3
15,72204053,T,C,364-12
15,75329529,T,G,364-10
15,77424056,T,C,364-6
15,77471949,T,C,364-3
15,81295109,T,G,364-6
15,83346397,G,A,364-8
15,85581799,T,G,364-9
15,87031358,T,C,364-7
15,87437548,G,C,364-5
15,91140247,A,G,364-9
15,92582348,G,A,364-10
15,92714407,A,G,364-9
15,96100469,C,A,364-6
15,96659187,T,C,364-6
15,96776107,G,A,364-4
16,489038,C,T,364-4
16,6853073,G,T,364-1
16,10200688,G,C,364-10
16,11516962,C,A,364-2
16,14284949,A,T,364-8
16,20302107,T,A,364-1
16,23418299,C,A,364-8
16,25559166,T,A,364-12
16,25846582,T,C,364-8
16,28108246,T,C,364-3
16,30564070,C,T,364-8
16,47515926,T,A,364-9
16,47730713,C,T,364-1
16,48844700,G,A,364-2
16,49490434,G,A,364-7
16,49822912,C,T,364-2
16,51817421,T,G,364-6
16,52450855,A,G,364-3
16,55703656,T,C,364-2
16,57925117,G,C,364-8
16,58742142,G,A,364-6
16,59382991,T,C,364-1
16,63165226,T,A,364-8
16,63708586,T,C,364-5
16,66044486,A,G,364-7
16,66070145,A,G,364-4
16,67165938,G,T,364-6
16,67342366,C,G,364-2
16,68430790,T,C,364-7
16,73772660,T,A,364-7
16,73866817,G,A,364-1
16,76767398,A,T,364-2
16,77299876,C,G,364-7
16,77663720,C,A,364-6
16,78583036,A,G,364-7
16,78684483,C,T,364-3
16,78701305,C,T,364-5
16,80638034,G,T,364-4
16,80768375,G,A,364-10
16,82448853,T,C,364-12
16,83188746,T,A,364-7
16,84220121,A,T,364-5
16,87058021,T,A,364-4
16,87888570,T,C,364-10
16,88497647,G,A,364-8
17,4221628,C,A,364-4
17,5071101,T,C,364-10
17,6579244,T,C,364-9
17,9583437,A,G,364-8
17,12257457,G,A,364-12
17,14796498,A,G,364-2
17,14913860,C,T,364-7
17,16026985,A,G,364-7
17,16065615,G,A,364-7
17,17140646,G,T,364-12
17,17320328,A,G,364-6
17,18844660,G,A,364-8
17,21828600,C,A,364-2
17,21909280,C,T,364-3
17,21921830,T,A,364-9
17,26533229,C,G,364-4
17,26632556,T,C,364-3
17,27206528,C,T,364-6
17,27692849,T,C,364-7
17,30637047,C,A,364-7
17,35501335,G,A,364-10
17,39698585,T,C,364-4
17,40350985,T,C,364-9
17,41231323,C,G,364-3
17,42878697,A,G,364-7
17,43032829,T,A,364-4
17,44878821,A,G,364-7
17,57710035,A,G,364-10
17,59203360,A,G,364-9
17,63196978,G,T,364-7
17,63618270,C,T,364-10
17,73494872,C,A,364-5
17,73754071,G,A,364-5
17,74434959,G,C,364-1
17,74608228,G,C,364-2
17,74886108,G,A,364-2
17,80147967,T,C,364-10
17,80283523,T,C,364-8
18,72959,C,T,364-9
18,601068,A,C,364-12
18,1856451,C,A,364-9
18,5331043,T,A,364-5
18,5649889,T,C,364-1
18,7204476,G,C,364-9
18,8049051,T,C,364-12
18,8385429,A,G,364-1
18,8472878,C,T,364-4
18,8778088,C,T,364-6
18,13000579,A,G,364-3
18,13424719,T,G,364-10
18,20657364,G,C,364-3
18,21252150,C,G,364-6
18,21561272,G,T,364-1
18,21570776,A,G,364-3
18,22763390,C,A,364-2
18,23703526,G,C,364-6
18,26636743,T,A,364-2
18,28080482,A,T,364-6
18,28487254,G,T,364-10
18,31282389,A,G,364-12
18,34443051,A,T,364-8
18,35109869,G,C,364-5
18,39011057,A,T,364-4
18,40952725,A,T,364-6
18,43756286,A,G,364-4
18,45129002,A,G,364-1
18,45596632,G,C,364-7
18,46228328,A,G,364-7
18,51860581,C,T,364-1
18,55274473,T,C,364-5
18,56643915,C,T,364-5
18,59372015,C,A,364-2
18,60371748,G,C,364-4
18,61760302,T,C,364-7
18,65578223,G,A,364-8
18,66304704,A,G,364-7
18,69219273,A,T,364-3
18,69551831,A,C,364-8
18,73280258,T,C,364-6
18,73546831,T,C,364-6
18,74137364,G,A,364-7
18,74164644,T,C,364-10
18,75416371,G,A,364-10
18,75948725,A,T,364-7
19,2319746,G,A,364-2
19,2517780,G,C,364-9
19,5074751,G,C,364-8
19,5228846,G,A,364-3
19,5823952,G,A,364-4
19,6457843,G,A,364-3
19,9619805,C,T,364-2
19,10777270,A,G,364-7
19,12855322,C,T,364-6
19,13247727,G,C,364-5
19,15416117,T,C,364-9
19,15745994,T,C,364-7
19,16864367,C,T,364-7
19,17498052,C,A,364-2
19,18051435,C,T,364-8
19,19165055,C,T,364-1
19,24276009,A,G,364-6
19,28612155,G,A,364-6
19,28817770,T,C,364-9
19,31911452,C,T,364-6
19,37057236,C,T,364-1
19,40138731,T,C,364-6
19,41497471,C,T,364-8
19,41902927,G,A,364-8
19,42176757,T,C,364-8
19,44514637,T,C,364-12
19,45588672,A,G,364-5
19,46469286,G,C,364-3
19,47412045,T,A,364-9
19,48183083,A,G,364-5
19,50027963,T,C,364-8
19,50983613,G,T,364-9
19,53396347,C,A,364-1
19,53695699,T,C,364-9
19,55458166,C,T,364-3
20,880627,A,G,364-6
20,926647,A,C,364-5
20,1264200,T,C,364-7
20,2034702,A,G,364-2
20,2240435,C,G,364-12
20,2582110,A,T,364-6
20,6457594,G,A,364-8
20,7894412,A,G,364-9
20,9048557,C,T,364-5
20,9736089,C,A,364-8
20,10341186,G,A,364-9
20,10745913,C,G,364-6
20,15432458,A,G,364-2
20,16488106,C,A,364-5
20,18729334,A,G,364-1
20,19500035,A,T,364-1
20,22050131,C,A,364-1
20,22746414,G,A,364-3
20,24034866,A,T,364-4
20,24770589,A,C,364-9
20,30467523,G,A,364-7
20,31712399,C,A,364-5
20,32053900,C,T,364-1
20,33101020,T,G,364-6
20,33109686,A,G,364-6
20,33812853,T,A,364-9
20,39195685,G,T,364-12
20,40216037,T,A,364-4
20,41363446,T,C,364-5
20,41631809,G,A,364-12
20,43775452,A,G,364-6
20,45394321,G,A,364-7
20,49668706,G,A,364-2
20,49878081,A,G,364-7
20,51114752,C,A,364-7
20,51329118,A,G,364-8
20,51741069,C,A,364-9
20,53570910,C,T,364-6
20,54524099,T,C,364-4
20,54985329,G,A,364-2
20,55585475,T,C,364-1
20,58024403,A,T,364-5
20,58093472,C,T,364-3
20,58209348,A,G,364-7
20,60635072,G,A,364-5
20,62238451,A,G,364-3
21,15701247,A,T,364-9
21,19610931,G,T,364-10
21,26081538,T,C,364-12
21,26353696,A,G,364-2
21,27242515,G,A,364-12
21,28924773,C,T,364-4
21,29312687,T,C,364-10
21,35502140,T,A,364-9
21,38606278,G,A,364-4
21,38643164,T,C,364-3
21,41623629,G,C,364-9
21,43014970,C,T,364-7
21,43114868,G,A,364-12
21,44015445,G,T,364-8
21,44916425,A,G,364-10
21,45749315,C,T,364-2
21,45771285,T,A,364-7
21,47211897,C,A,364-2
22,18533193,A,C,364-4
22,19567612,G,A,364-1
22,20018235,G,A,364-12
22,21374435,T,G,364-7
22,22302133,G,C,364-6
22,22919485,G,T,364-1
22,23039557,G,T,364-1
22,24189812,A,G,364-9
22,26293954,C,T,364-6
22,26861752,G,A,364-2
22,29450575,A,C,364-7
22,29546068,A,G,364-9
22,30097195,C,T,364-5
22,31222862,G,C,364-4
22,33670634,G,A,364-4
22,33918189,A,C,364-12
22,34708404,A,T,364-2
22,34897400,G,A,364-1
22,38787262,T,C,364-1
22,40183106,A,G,364-8
22,42101009,C,T,364-2
22,42396138,C,T,364-8
22,44535503,G,A,364-12
22,44769249,A,T,364-2
22,45624311,C,T,364-4
22,46474426,C,T,364-1
22,50217263,C,T,364-5
22,51072101,A,C,364-9